,img_id,caption,base_img_name,base_img_url
0,84985568,what if i told you nigger dildo,what-if-i-told-you,http://memegenerator.net//What-If-I-Told-You
1,84982420,nigger nigger nigger nigger nigger nigger nigger nigger nigger nigger nigger,skeptical-3rd-world-kid,http://memegenerator.net//Skeptical-3rd-World-Kid
2,31239020,i bet you cant press ctrl and like this meme,trollface,http://memegenerator.net//Trollface
3,24014506,i dont always make a meme but when i do i immediately press th,the-most-interesting-man-in-the-world,http://memegenerator.net//The-Most-Interesting-Man-In-The-World
4,84982408,nigger nigger nigger nigger nigger nigger nigger nigger nigger nigger,bad-luck-brian,http://memegenerator.net//Bad-Luck-Brian
5,10643552,if you are what you eat then arent cannibals the only real humans,philosoraptor,http://memegenerator.net//Philosoraptor
6,17978273,if bars cant serve drunk people mcdonalds shouldnt be able to serve fat people,philosoraptor,http://memegenerator.net//Philosoraptor
7,11023719,you get b on blood test failure run through veins,high-expectations-asian-father,http://memegenerator.net//High-Expectations-Asian-Father
8,14990530,what if oxygen is poisonous and takes 80 years to kill us,conspiracy-keanu,http://memegenerator.net//Conspiracy-Keanu
9,10521914,did you hear that apple guy died rip isaac newton,slowpoke,http://memegenerator.net//Slowpoke
10,82550008,winter is here youre fired,winter-is-coming,http://memegenerator.net//Winter-Is-Coming
11,22410324,i dont always generate a meme but when i do i generate them tw,the-most-interesting-man-in-the-world,http://memegenerator.net//The-Most-Interesting-Man-In-The-World
12,18517924,if all men are the same why does it take a woman so long to choose,philosoraptor,http://memegenerator.net//Philosoraptor
13,21586644,sees you parked in handicapped spot breaks your legs so you dont get in trouble,good-guy-greg,http://memegenerator.net//Good-Guy-Greg
14,19432458,if all the countries in the world are in debt where did all the money go,philosoraptor,http://memegenerator.net//Philosoraptor
15,22410328,i dont always generate a meme but when i do i generate them tw,the-most-interesting-man-in-the-world,http://memegenerator.net//The-Most-Interesting-Man-In-The-World
16,12162462,microwaving at midnight when everyone is asleep opens it with one second left so it do,good-guy-greg,http://memegenerator.net//Good-Guy-Greg
17,10891140,does a gif keep moving when you scroll it off the screen,philosoraptor,http://memegenerator.net//Philosoraptor
18,14461509,im gonna spend valentines day with my ex box 360,forever-alone,http://memegenerator.net//Forever-Alone
19,18762915,has 4950 achievements missing co op one,forever-alone,http://memegenerator.net//Forever-Alone
20,10841973,creates meme doesnt upvote his own meme,good-guy-greg,http://memegenerator.net//Good-Guy-Greg
21,11247304,my girlfriend is like my ferrari i dont have one,forever-alone,http://memegenerator.net//Forever-Alone
22,18814167,at his own house sure ill be player two,good-guy-greg,http://memegenerator.net//Good-Guy-Greg
23,10199462,why buy winrar if the trial never ends,philosoraptor,http://memegenerator.net//Philosoraptor
24,19321568,what if i really am the 1000000th visitor and i just missed out on a free ipad,conspiracy-keanu,http://memegenerator.net//Conspiracy-Keanu
25,32585047,if i download a movie in jamaica am i a pirate of the caribbean ,philosoraptor,http://memegenerator.net//Philosoraptor
26,11094628,if i delete recycle bin where will it go,philosoraptor,http://memegenerator.net//Philosoraptor
27,10890860,life getting tough means god is afraid of your progress,courage-wolf,http://memegenerator.net//Courage-Wolf
28,16027327,think about awkward situations from the past feel awkward again,socially-awkward-penguin,http://memegenerator.net//Socially-Awkward-Penguin
29,34136031,i like the titanic my favorite character was the iceberg,grumpy-cat,http://memegenerator.net//Grumpy-Cat
30,10634081,gets insulted and has no response spends rest of day thinking of comebacks,socially-awkward-penguin,http://memegenerator.net//Socially-Awkward-Penguin
31,17234491,if history is written by the victors why does french history exist,philosoraptor,http://memegenerator.net//Philosoraptor
32,18932016,should be in god tier doesnt complain,good-guy-greg,http://memegenerator.net//Good-Guy-Greg
33,10283185,didnt study for a test still get a higher grade than someone who did,success-kid,http://memegenerator.net//Success-Kid
34,10923151,a girl invited me over saying nobody was home nobody was home,forever-alone,http://memegenerator.net//Forever-Alone
35,14532813,i dont always talk to arts students but when i do i ask for la,the-most-interesting-man-in-the-world,http://memegenerator.net//The-Most-Interesting-Man-In-The-World
36,12282841,pokemon master why not pokemon phd,high-expectations-asian-father,http://memegenerator.net//High-Expectations-Asian-Father
37,10826780,recive long emotional text ok,trollface,http://memegenerator.net//Trollface
38,21645023,if its 10 times better than the leading brand then why isnt it the leading brand,philosoraptor,http://memegenerator.net//Philosoraptor
39,15150505,what if life is a videogame and dj vu are just checkpoints,philosoraptor,http://memegenerator.net//Philosoraptor
40,31112842,if apple made a car would it have windows,philosoraptor,http://memegenerator.net//Philosoraptor
41,22353627,i just read that 4153237 people got married last year i dont want to start trouble or ,philosoraptor,http://memegenerator.net//Philosoraptor
42,13855858,what if people used to be able to make wishes then someone wished they couldnt,conspiracy-keanu,http://memegenerator.net//Conspiracy-Keanu
43,10260797,i told him to whisper dirty things in my ear he told me the kitchen living room din,internet-husband,http://memegenerator.net//Internet-Husband
44,26808164,bad luck brian has a face only a mother can love has 2 dads,bad-luck-brian-meme,http://memegenerator.net//Bad-Luck-Brian-Meme
